Event Name,Event Time,Status,External Url
🔥❤️ LINKEDIN CLASS ONLINE,"Apr 28, 2021 08:00 AM - Apr 28, 2021 02:30 PM",RELINQUISHED,https://app.evenea.pl/event/linkedinclassonline/
Jak wykorzystać webinary do zdobywania klientów B2B w dowolnej niszy?,"May 13, 2021 04:00 PM - May 13, 2021 05:30 PM",RELINQUISHED,https://leadhub.pl/webinar/
Sprawne i efektywne budowanie relacji przez komunikator LinkedIn,"Jun 08, 2022 11:00 AM - Jun 08, 2022 11:30 AM",RELINQUISHED,https://salesrobots.clickmeeting.com/8-czerwca
(nie)PRZEWIDYWALNOŚĆ - o problemach biznesowych w obecnych czasach,"Nov 20, 2020 08:30 AM - Nov 20, 2020 09:00 AM",RELINQUISHED,https://urlgeni.us/facebook/bridge
Business & Accounting Phrasal Verbs - ,"Dec 15, 2021 06:00 PM - Dec 15, 2021 06:30 PM",RELINQUISHED,https://us02web.zoom.us/j/87660934462
Kariera IT- targi pracy online,"Sep 23, 2021 02:00 PM - Sep 23, 2021 07:00 PM",APPROVED,https://careercon.pl/konferencja/kariera-it-edycja-ogolnopolska-06-03-2021
Webinar: jak efektywnie pozyskiwać leady z LinkedIn?,"Mar 09, 2022 12:00 PM - Mar 09, 2022 12:30 PM",RELINQUISHED,https://www.salesrobots.pl/webinar-live
💙 LINKEDIN CLASS ONLINE 💙,"Mar 03, 2021 09:00 AM - Mar 03, 2021 03:30 PM",RELINQUISHED,https://app.evenea.pl/event/linkedinclassonline/
8 elementów powtarzalnego procesu generowania leadów B2B.,"Jun 17, 2021 11:00 AM - Jun 17, 2021 12:30 PM",RELINQUISHED,
IBCS Annual Conference,"Jul 03, 2020 11:00 AM - Jul 03, 2020 03:30 PM",RELINQUISHED,https://www.vereon.ch/registration-ibcs
Webinar: Using the Human Cloud in the War for Tech Talent,"Nov 18, 2021 03:00 PM - Nov 18, 2021 04:00 PM",RELINQUISHED,
"JakJESZ, to pracuJESZ - rozmawiajmy o jedzeniu w pracy","Feb 17, 2022 03:00 PM - Apr 11, 2022 03:00 PM",RELINQUISHED,https://www.smartlunch.pl/jesz-pracujesz
Kariera IT - Edycja Ogólnopolska,"Mar 06, 2021 09:00 AM - Mar 06, 2021 02:00 PM",RELINQUISHED,https://careercon.pl/konferencja/kariera-it-edycja-ogolnopolska-06-03-2021#register
And the answer is... skuteczny content marketing,"Jan 28, 2021 09:00 AM - Jan 28, 2021 12:00 PM",RELINQUISHED,https://warsztatyscoop.clickmeeting.com/and-the-answer-is-skuteczny-content-marketing/register
#18 Industry MeetCast - Jak tworzyć oprogramowanie dla firm? ,"Jan 21, 2021 02:00 PM - Jan 21, 2021 03:00 PM",RELINQUISHED,
Jak tworzyć i wykorzystywać treści do pozyskiwania klienta B2B.,"Apr 22, 2021 04:00 PM - Apr 22, 2021 05:00 PM",RELINQUISHED,https://leadhub.pl/webinar/
PowerIT Conference | 30 years of Python Edition by STX Next,"Nov 25, 2021 02:00 PM - Nov 25, 2021 07:00 PM",RELINQUISHED,
IBCS Annual Conference,"Jul 02, 2021 11:00 AM - Jul 02, 2021 03:00 PM",RELINQUISHED,https://bit.ly/3whDwhM
Webinar: Sztuka ogrzewania leadów - o tym jak nie przepalać kontaktów,"May 19, 2021 04:00 PM - May 19, 2021 05:00 PM",RELINQUISHED,
Forum Financial Controlling Transformation 2020,"Jun 02, 2020 07:30 AM - Jun 03, 2020 02:30 PM",RELINQUISHED,"https://www.academyofbusiness.pl/pl/szkolenia/forum-financial-controlling-transformation-2019,251/"
#24 Industry MeetCast - Trendy i innowacje IT w przemyśle,"May 13, 2021 01:00 PM - May 13, 2021 02:00 PM",RELINQUISHED,
freeWebinar: jak efektywnie i zgodnie z RODO pozyskiwać kontakty z LinkedIn,"Apr 06, 2022 11:00 AM - Apr 06, 2022 11:30 AM",RELINQUISHED,https://salesrobots.pl/webinar-live
"WEBINAR: VAT, PIT, ZUS na talerzu – jak rozliczyć posiłki pracownicze","Jun 28, 2022 10:30 AM - Jun 28, 2022 11:30 AM",RELINQUISHED,https://smartlunch.me/3OdutHi
Czym różni się mówczyni od mówcy?,"Oct 06, 2021 05:05 PM - Oct 06, 2021 06:05 PM",RELINQUISHED,
"Solid, Outlined, Hatched: Visual consistency in reports and dashboards","Oct 13, 2020 08:00 AM - Oct 13, 2020 09:00 AM",RELINQUISHED,https://www.eventbrite.com/e/solid-outlined-hatched-visual-consistency-in-reports-and-dashboards-tickets-120174604477?aff=LinkedInEvent
What does Business expect from reports and dashboards?,"Jun 01, 2021 03:00 PM - Jun 01, 2021 04:00 PM",RELINQUISHED,https://www.eventbrite.com/e/what-business-expects-from-reports-and-dashboards-tickets-154411752709
Webinar: Jak jeszcze lepiej realizować zadania CFO w dobie pandemii?,"Nov 26, 2020 02:00 PM - Nov 26, 2020 03:00 PM",RELINQUISHED,https://fcforum.pl/webinarcfo/
KONFERENCJA PRAKTYKÓW TOC+ w Poznaniu i Online 17.03.2022,"Mar 17, 2022 09:00 AM - Mar 17, 2022 05:00 PM",RELINQUISHED,https://ekspert.toc.org.pl/konferencja-toc
