HashTag,CreatedTime,LastModifiedTime,State
careercon,2019-11-27 15:38:46,2020-08-22 12:25:07,Unfollow
karierait,2019-11-27 15:38:05,2020-08-22 12:25:09,Unfollow
change,2019-08-19 06:00:50,2019-08-19 06:00:50,Follow
transformation,2019-08-19 06:00:48,2019-08-19 06:00:48,Follow
strategy,2019-08-19 06:00:46,2019-08-19 06:00:46,Follow
computersoftware,2019-08-08 05:11:01,2019-08-08 05:11:01,Follow
computing,2019-08-08 05:09:32,2019-08-08 05:09:32,Follow
innovation,2019-08-08 05:09:20,2019-08-08 05:09:20,Follow
business,2019-08-08 05:09:19,2019-09-09 12:14:47,Unfollow
technology,2019-08-08 05:09:17,2019-09-09 12:14:55,Unfollow
startup,2019-08-08 05:09:13,2019-08-08 05:09:13,Follow
startups,2019-08-08 05:09:03,2019-08-08 05:09:03,Follow
agilesoftwaredevelopment,2018-08-04 12:53:22,2018-08-04 12:53:22,Follow
